train/liver-0000.png,0
train/gallbladder-0000.png,1
train/spleen-0000.png,2
train/kidney-0000.png,3
train/bladder-0000.png,4
train/bowel-0000.png,5
train/liver-0001.png,0
train/gallbladder-0001.png,1
train/spleen-0001.png,2
train/kidney-0001.png,3
train/bladder-0001.png,4
train/bowel-0001.png,5
train/liver-0002.png,0
train/gallbladder-0002.png,1
train/spleen-0002.png,2
train/kidney-0002.png,3
train/bladder-0002.png,4
train/bowel-0002.png,5
train/liver-0003.png,0
train/gallbladder-0003.png,1
train/spleen-0003.png,2
train/kidney-0003.png,3
train/bladder-0003.png,4
train/bowel-0003.png,5
train/liver-0004.png,0
train/gallbladder-0004.png,1
train/spleen-0004.png,2
train/kidney-0004.png,3
train/bladder-0004.png,4
train/bowel-0004.png,5
train/liver-0005.png,0
train/gallbladder-0005.png,1
train/spleen-0005.png,2
train/kidney-0005.png,3
train/bladder-0005.png,4
train/bowel-0005.png,5
train/liver-0006.png,0
train/gallbladder-0006.png,1
train/spleen-0006.png,2
train/kidney-0006.png,3
train/bladder-0006.png,4
train/bowel-0006.png,5
train/liver-0007.png,0
train/gallbladder-0007.png,1
train/spleen-0007.png,2
train/kidney-0007.png,3
train/bladder-0007.png,4
train/bowel-0007.png,5
train/liver-0008.png,0
train/gallbladder-0008.png,1
train/spleen-0008.png,2
train/kidney-0008.png,3
train/bladder-0008.png,4
train/bowel-0008.png,5
train/liver-0009.png,0
train/gallbladder-0009.png,1
train/spleen-0009.png,2
train/kidney-0009.png,3
train/bladder-0009.png,4
train/bowel-0009.png,5
train/liver-0010.png,0
train/gallbladder-0010.png,1
train/spleen-0010.png,2
train/kidney-0010.png,3
train/bladder-0010.png,4
train/bowel-0010.png,5
train/liver-0011.png,0
train/gallbladder-0011.png,1
train/spleen-0011.png,2
train/kidney-0011.png,3
train/bladder-0011.png,4
train/bowel-0011.png,5
train/liver-0012.png,0
train/gallbladder-0012.png,1
train/spleen-0012.png,2
train/kidney-0012.png,3
train/bladder-0012.png,4
train/bowel-0012.png,5
train/liver-0013.png,0
train/gallbladder-0013.png,1
train/spleen-0013.png,2
train/kidney-0013.png,3
train/bladder-0013.png,4
train/bowel-0013.png,5
train/liver-0014.png,0
train/gallbladder-0014.png,1
train/spleen-0014.png,2
train/kidney-0014.png,3
train/bladder-0014.png,4
train/bowel-0014.png,5
train/liver-0015.png,0
train/gallbladder-0015.png,1
train/spleen-0015.png,2
train/kidney-0015.png,3
train/bladder-0015.png,4
train/bowel-0015.png,5
train/liver-0016.png,0
train/gallbladder-0016.png,1
train/spleen-0016.png,2
train/kidney-0016.png,3
train/bladder-0016.png,4
train/bowel-0016.png,5
train/liver-0017.png,0
train/gallbladder-0017.png,1
train/spleen-0017.png,2
train/kidney-0017.png,3
train/bladder-0017.png,4
train/bowel-0017.png,5
train/liver-0018.png,0
train/gallbladder-0018.png,1
train/spleen-0018.png,2
train/kidney-0018.png,3
train/bladder-0018.png,4
train/bowel-0018.png,5
train/liver-0019.png,0
train/gallbladder-0019.png,1
train/spleen-0019.png,2
train/kidney-0019.png,3
train/bladder-0019.png,4
train/bowel-0019.png,5
train/liver-0020.png,0
train/gallbladder-0020.png,1
train/spleen-0020.png,2
train/kidney-0020.png,3
train/bladder-0020.png,4
train/bowel-0020.png,5
train/liver-0021.png,0
train/gallbladder-0021.png,1
train/spleen-0021.png,2
train/kidney-0021.png,3
train/bladder-0021.png,4
train/bowel-0021.png,5
train/liver-0022.png,0
train/gallbladder-0022.png,1
train/spleen-0022.png,2
train/kidney-0022.png,3
train/bladder-0022.png,4
train/bowel-0022.png,5
train/liver-0023.png,0
train/gallbladder-0023.png,1
train/spleen-0023.png,2
train/kidney-0023.png,3
train/bladder-0023.png,4
train/bowel-0023.png,5
train/liver-0024.png,0
train/gallbladder-0024.png,1
train/spleen-0024.png,2
train/kidney-0024.png,3
train/bladder-0024.png,4
train/bowel-0024.png,5
train/liver-0025.png,0
train/gallbladder-0025.png,1
train/spleen-0025.png,2
train/kidney-0025.png,3
train/bladder-0025.png,4
train/bowel-0025.png,5
train/liver-0026.png,0
train/gallbladder-0026.png,1
train/spleen-0026.png,2
train/kidney-0026.png,3
train/bladder-0026.png,4
train/bowel-0026.png,5
train/liver-0027.png,0
train/gallbladder-0027.png,1
train/spleen-0027.png,2
train/kidney-0027.png,3
train/bladder-0027.png,4
train/bowel-0027.png,5
train/liver-0028.png,0
train/gallbladder-0028.png,1
train/spleen-0028.png,2
train/kidney-0028.png,3
train/bladder-0028.png,4
train/bowel-0028.png,5
train/liver-0029.png,0
train/gallbladder-0029.png,1
train/spleen-0029.png,2
train/kidney-0029.png,3
train/bladder-0029.png,4
train/bowel-0029.png,5
train/liver-0030.png,0
train/gallbladder-0030.png,1
train/spleen-0030.png,2
train/kidney-0030.png,3
train/bladder-0030.png,4
train/bowel-0030.png,5
train/liver-0031.png,0
train/gallbladder-0031.png,1
train/spleen-0031.png,2
train/kidney-0031.png,3
train/bladder-0031.png,4
train/bowel-0031.png,5
train/liver-0032.png,0
train/gallbladder-0032.png,1
train/spleen-0032.png,2
train/kidney-0032.png,3
train/bladder-0032.png,4
train/bowel-0032.png,5
train/liver-0033.png,0
train/gallbladder-0033.png,1
train/spleen-0033.png,2
train/kidney-0033.png,3
train/bladder-0033.png,4
train/bowel-0033.png,5
train/liver-0034.png,0
train/gallbladder-0034.png,1
train/spleen-0034.png,2
train/kidney-0034.png,3
train/bladder-0034.png,4
train/bowel-0034.png,5
train/liver-0035.png,0
train/gallbladder-0035.png,1
train/spleen-0035.png,2
train/kidney-0035.png,3
train/bladder-0035.png,4
train/bowel-0035.png,5
train/liver-0036.png,0
train/gallbladder-0036.png,1
train/spleen-0036.png,2
train/kidney-0036.png,3
train/bladder-0036.png,4
train/bowel-0036.png,5
train/liver-0037.png,0
train/gallbladder-0037.png,1
train/spleen-0037.png,2
train/kidney-0037.png,3
train/bladder-0037.png,4
train/bowel-0037.png,5
train/liver-0038.png,0
train/gallbladder-0038.png,1
train/spleen-0038.png,2
train/kidney-0038.png,3
train/bladder-0038.png,4
train/bowel-0038.png,5
train/liver-0039.png,0
train/gallbladder-0039.png,1
train/spleen-0039.png,2
train/kidney-0039.png,3
train/bladder-0039.png,4
train/bowel-0039.png,5
train/liver-0040.png,0
train/gallbladder-0040.png,1
train/spleen-0040.png,2
train/kidney-0040.png,3
train/bladder-0040.png,4
train/bowel-0040.png,5
train/liver-0041.png,0
train/gallbladder-0041.png,1
train/spleen-0041.png,2
train/kidney-0041.png,3
train/bladder-0041.png,4
train/bowel-0041.png,5
train/liver-0042.png,0
train/gallbladder-0042.png,1
train/spleen-0042.png,2
train/kidney-0042.png,3
train/bladder-0042.png,4
train/bowel-0042.png,5
train/liver-0043.png,0
train/gallbladder-0043.png,1
train/spleen-0043.png,2
train/kidney-0043.png,3
train/bladder-0043.png,4
train/bowel-0043.png,5
train/liver-0044.png,0
train/gallbladder-0044.png,1
train/spleen-0044.png,2
train/kidney-0044.png,3
train/bladder-0044.png,4
train/bowel-0044.png,5
train/liver-0045.png,0
train/gallbladder-0045.png,1
train/spleen-0045.png,2
train/kidney-0045.png,3
train/bladder-0045.png,4
train/bowel-0045.png,5
train/liver-0046.png,0
train/gallbladder-0046.png,1
train/spleen-0046.png,2
train/kidney-0046.png,3
train/bladder-0046.png,4
train/bowel-0046.png,5
train/liver-0047.png,0
train/gallbladder-0047.png,1
train/spleen-0047.png,2
train/kidney-0047.png,3
train/bladder-0047.png,4
train/bowel-0047.png,5
train/liver-0048.png,0
train/gallbladder-0048.png,1
train/spleen-0048.png,2
train/kidney-0048.png,3
train/bladder-0048.png,4
train/bowel-0048.png,5
train/liver-0049.png,0
train/gallbladder-0049.png,1
train/spleen-0049.png,2
train/kidney-0049.png,3
train/bladder-0049.png,4
train/bowel-0049.png,5
train/liver-0050.png,0
train/gallbladder-0050.png,1
train/spleen-0050.png,2
train/kidney-0050.png,3
train/bladder-0050.png,4
train/bowel-0050.png,5
